﻿[
{
    "Type": "Plugin",
    "SupportedVersion": "3.90",
    "DirectoryPath": "3.90/Misc.NopHunter.LiveChat/",
    "SystemName": "Misc.NopHunter.LiveChat"
  },
{
    "Type": "Plugin",
    "SupportedVersion": "4.00",
    "DirectoryPath": "4.00/Misc.NopHunter.LiveChat/",
    "SystemName": "Misc.NopHunter.LiveChat"
  },
{
    "Type": "Plugin",
    "SupportedVersion": "4.10",
    "DirectoryPath": "4.10/Misc.NopHunter.LiveChat/",
    "SystemName": "Misc.NopHunter.LiveChat"
  }, {
    "Type": "Plugin",
    "SupportedVersion": "4.20",
    "DirectoryPath": "4.20/Misc.NopHunter.LiveChat/",
    "SystemName": "Misc.NopHunter.LiveChat"
  }, {
    "Type": "Plugin",
    "SupportedVersion": "4.30",
    "DirectoryPath": "4.30/Misc.NopHunter.LiveChat/",
    "SystemName": "Misc.NopHunter.LiveChat"
  }, {
    "Type": "Plugin",
    "SupportedVersion": "4.40",
    "DirectoryPath": "4.40/Misc.NopHunter.LiveChat/",
    "SystemName": "Misc.NopHunter.LiveChat"
  }, {
    "Type": "Plugin",
    "SupportedVersion": "4.50",
    "DirectoryPath": "4.50/Misc.NopHunter.LiveChat/",
    "SystemName": "Misc.NopHunter.LiveChat"
  }, {
    "Type": "Plugin",
    "SupportedVersion": "4.60",
    "DirectoryPath": "4.60/Misc.NopHunter.LiveChat/",
    "SystemName": "Misc.NopHunter.LiveChat"
  }, {
    "Type": "Plugin",
    "SupportedVersion": "4.70",
    "DirectoryPath": "4.70/Misc.NopHunter.LiveChat/",
    "SystemName": "Misc.NopHunter.LiveChat"
  }
]